id,identifier,familySituation,numberOfChildren,MaleTitle,MaleFirstName,MaleMiddleName,MaleFamilyName,MaleDateOfBirth,MaleEmail,FemaleTitle,FemaleFirstName,FemaleMiddleName,FemaleFamilyName,FemaleDateOfBirth,FemaleEmail,AgeDifferenceSpouse,Child1Title,Child1FirstName,Child1MiddleName,Child1DateOfBirth,Child1Gender,Child1Email,Child2Title,Child2FirstName,Child2MiddleName,Child2DateOfBirth,Child2Gender,Child2Email,Child3Title,Child3FirstName,Child3MiddleName,Child3DateOfBirth,Child3Gender,Child3Email,Child4Title,Child4FirstName,Child4MiddleName,Child4DateOfBirth,Child4Gender,Child4Email,Child5Title,Child5FirstName,Child5MiddleName,Child5DateOfBirth,Child5Gender,Child5Email,Addr2,PostCode,City,Province,CountryCode,startDateCommitment,lengthCommitment,lengthCommitmentUnit,fieldCommitment
1,1,singleWoman,4,Mr.,Steffen,,Dietzel,1983-12-30T00:00:00,steffen_dietzel@walter-krueger.it,Mrs.,Rena,,Schumacher,1966-01-07T00:00:00,rena.schumacher@hotmail.com,0,Mrs.,Cornelia,,2011-12-06T23:00:00,FEMALE,cornelia_eisele@michael-riemann.com,Mrs.,Mathilde,,2011-07-26T00:00:00,FEMALE,mschaefer@yahoo.com,Mrs.,Sabrina,,2007-10-12T00:00:00,FEMALE,shensel@hshixpdtuzrh.net,Mrs.,Christel,,2000-01-04T23:00:00,FEMALE,christel_baumbach@zmq.net,Mrs.,Ursula,,2006-05-12T00:00:00,FEMALE,ursulalieb@pckljfxdapff.com,Jahnstraße 27,25849,Süderoog,Schleswig-Holstein,DE,2009-09-16T00:00:00,3,year,197
2,2,singleWoman,2,Mr.,Wilhelm,,König,1922-02-13T00:00:00,wkoenig@hotmail.com,Mrs.,Cornelia,,Schreier,1951-04-11T00:00:00,cornelia.schreier@yahoo.com,-5,Mrs.,Denise,,1999-11-06T23:00:00,FEMALE,deniseniemann@yahoo.com,Mr.,Bernd,Dirk,1998-12-23T23:00:00,MALE,berndschumann@ltprxs.net,Mrs.,Ute,,2006-09-23T00:00:00,FEMALE,ute.weimer@ibgzrglvc.com,Mr.,Eugen,Heinrich,2011-04-06T00:00:00,MALE,eugen_siegmund@ljsry.de,Mr.,Horst,,1997-02-13T23:00:00,MALE,horstwallner@ohtdedjpawk.com,Fasanenweg 30,24211,Wahlstorf,Schleswig-Holstein,DE,2009-09-02T00:00:00,0,year,219
3,3,family,5,Mr.,Markus,,Liedtke,1966-07-06T00:00:00,markus.liedtke@yahoo.com,Mrs.,Lieselotte,,Kruse,1955-11-14T00:00:00,lieselottekruse@tovndax.eu,1,Mrs.,Angelika,,2000-05-16T00:00:00,FEMALE,agruber@ago.com,Mr.,Klaus,,1996-08-27T00:00:00,MALE,kclauss@hotmail.com,Mr.,Walter,,2004-07-27T00:00:00,MALE,walter.berndt@hotmail.com,Mrs.,Nicole,Annette,2007-02-05T23:00:00,FEMALE,nicoleschuh@gxkkdrebrlfn.com,Mrs.,Maria,,1998-08-21T00:00:00,FEMALE,mklein@johann-korn.at,Hauptstraße 26,99510,Kleinromstedt,Thüringen,DE,2010-10-01T00:00:00,0,year,234
4,4,singleWoman,2,Mr.,Peter,Jürgen,Husmann,1965-04-26T00:00:00,peterhusmann@roj.com,Mrs.,Anita,,Theis,1909-08-10T00:00:00,anita_theis@hotmail.com,5,Mr.,Stefan,,1999-09-19T00:00:00,MALE,stefan_schueler@yahoo.com,Mr.,Alfons,,2009-10-29T23:00:00,MALE,alfonshensel@xyxp.at,Mrs.,Helene,,2005-07-26T00:00:00,FEMALE,hstrack@qcz.de,Mr.,Wolfgang,,2002-08-23T00:00:00,MALE,wboettcher@siegfried-boll.net,Mr.,Klaus,,2000-02-26T23:00:00,MALE,klaus_becker@osjlnrwavy.net,Schulstraße 11,55599,Gau-Bickelheim,Rheinland-Pfalz,DE,2010-01-04T00:00:00,0,week,144
5,5,singleMan,3,Mr.,Richard,,Heinecke,1936-08-31T00:00:00,richard.heinecke@yahoo.com,Mrs.,Anne-Rose,,Wagner,1980-03-16T00:00:00,anne-rosewagner@hotmail.com,3,Mr.,Volker,,2007-01-22T23:00:00,MALE,volker_goebel@eyskzlctcbkt.net,Mr.,Horst,,1997-10-29T23:00:00,MALE,hschmidt@yahoo.com,Mrs.,Saskia,Marlene,2000-01-24T23:00:00,FEMALE,saskiaroessler@hotmail.com,Mr.,Rüdiger,,1997-02-03T23:00:00,MALE,ruedigerpfeffer@aibcqrm.de,Mr.,Siegfried,,2009-01-26T23:00:00,MALE,siegfried_winter@hotmail.com,Bachstraße 41,6268,Steigra,Sachsen-Anhalt,DE,2011-01-03T00:00:00,2,year,53
6,6,family,1,Mr.,Jörg,,Schmitz,1923-04-17T00:00:00,joerg.schmitz@venturevision.com,Mrs.,Ulrike,,Kraus,1909-12-16T00:00:00,ukraus@lohoutgx.at,4,Mr.,Helmut,,2009-07-22T00:00:00,MALE,helmutdiel@escotec.de,Mr.,Andre,Johannes,2008-06-14T00:00:00,MALE,andre.mueller@cocdbmc.com,Mr.,Helmut,,2004-12-16T23:00:00,MALE,hmey@mdcn.us,Mr.,Alexander,,2009-02-12T23:00:00,MALE,alexander_kraft@zjc.com,Mr.,Gregor,Michael,2002-09-08T00:00:00,MALE,gregorpollmann@jwnkbj.com,Am Sportplatz 48,14822,Jeserig,Brandenburg,DE,2012-11-23T00:00:00,3,month,177
7,7,family,1,Mr.,Michael,Johann,Fiedler,1967-01-17T00:00:00,mfiedler@hotmail.com,Mrs.,Gabriele,,Pietsch,1988-07-31T01:00:00,gpietsch@hotmail.com,-3,Mrs.,Claudia,,2008-11-18T23:00:00,FEMALE,claudiahaller@hotmail.com,Mrs.,Elisabeth,,2002-11-14T23:00:00,FEMALE,elisabeth.hoffmann@tjaezoq.net,Mrs.,Irmgard,,1999-03-18T23:00:00,FEMALE,irmgard_brockmann@dxyexxxb.de,Mr.,Andreas,,2009-01-17T23:00:00,MALE,andreas_sievers@roqlq.com,Mr.,Klaus,,2010-02-06T23:00:00,MALE,klaus.spengler@msn.com,Fliederweg 47,7980,Lunzig,Thüringen,DE,2012-07-26T00:00:00,1,month,143
8,8,singleMan,3,Mr.,Ulrich,,Krone,1912-06-25T00:00:00,ukrone@hotmail.com,Mrs.,Katharina,,Haug,1964-04-30T00:00:00,khaug@jpfvptsgbp.com,-3,Mrs.,Christel,,2004-02-11T23:00:00,FEMALE,christelmiller@yahoo.com,Mr.,Bernd,,2001-02-25T23:00:00,MALE,bschumacher@hotmail.com,Mr.,Leonid,,2006-08-03T00:00:00,MALE,lgoehring@techmart.net,Mr.,Uwe,,2011-05-10T00:00:00,MALE,uwe.hohl@nanobot.com,Mr.,Heinrich,,2004-06-07T00:00:00,MALE,hschulz@linkdirect.com,Goethestraße 49,83104,Tuntenhausen,Bayern,DE,2010-07-13T00:00:00,5,year,110
9,9,singleMan,1,Mr.,André,,Otte,1937-03-03T00:00:00,andre_otte@yahoo.com,Mrs.,Birgit,Meike,Müller,1948-08-20T01:00:00,birgitmueller@pswh.eu,-5,Mrs.,Ingrid,,1999-05-31T00:00:00,FEMALE,ingrid.richter@yahoo.com,Mrs.,Hildegard,,2009-04-22T00:00:00,FEMALE,hklug@homesystems.org,Mrs.,Lisa,,2012-03-31T00:00:00,FEMALE,lisa.barz@gmail.com,Mr.,Heinrich,,2002-01-23T23:00:00,MALE,hbaumert@microforge.net,Mrs.,Stephanie,,2005-05-22T00:00:00,FEMALE,stephanie_stahl@yahoo.com,Parkstraße 20,27249,Mellinghausen,Niedersachsen,DE,2012-09-20T00:00:00,0,month,274
10,10,family,4,Mr.,Silvio,,Schröder,1966-08-20T00:00:00,silvioschroeder@jobptsi.com,Mrs.,Petra,,Herrmann,1937-04-15T00:00:00,petra_herrmann@csemvxjs.com,-3,Mr.,Thorsten,,2011-04-08T00:00:00,MALE,thorsten.lorenz@polos.at,Mr.,Alfred,,2005-05-27T00:00:00,MALE,alfredjanssen@jszncmr.it,Mr.,Karl-Heinz,,2000-12-29T23:00:00,MALE,kstrunk@altotec.com,Mr.,Michael,,1999-03-23T23:00:00,MALE,michaelzimmer@yahoo.com,Mrs.,Hilde,Sabine,2011-12-08T23:00:00,FEMALE,htrapp@yahoo.com,Goethestraße 39,29229,Wittbeck,Niedersachsen,DE,2010-05-16T00:00:00,1,month,111
11,11,family,5,Mr.,Hartmut,,Stange,1963-04-14T00:00:00,hstange@yahoo.com,Mrs.,Rosa,,Roller,1990-10-26T00:00:00,rosa_roller@yahoo.com,1,Mr.,Elmar,,2008-11-04T23:00:00,MALE,elmar.feldmann@gmail.com,Mr.,Gerhard,,2005-07-09T00:00:00,MALE,gerhard.beck@hotmail.com,Mr.,Bernhard,Hermann,2004-12-31T23:00:00,MALE,bernhard_hein@rjbgulrpuw.us,Mr.,Mike,,2006-11-28T23:00:00,MALE,mike_bethge@nlvezpfu.it,Mrs.,Brigitte,,1998-12-18T23:00:00,FEMALE,brohleder@yahoo.com,Uhlandstraße 17,53809,Ruppichteroth,Nordrhein-Westfalen,DE,2010-12-18T00:00:00,0,year,108
12,12,singleMan,0,Mr.,Walter,,Hesse,1932-11-06T00:00:00,walter.hesse@yahoo.com,Mrs.,Sarina,,Senger,1942-06-21T01:00:00,ssenger@qsd.com,1,Mrs.,Gabriele,,2008-04-21T00:00:00,FEMALE,gabrielevoelker@gfs.com,Mr.,Rolf,,2004-12-13T23:00:00,MALE,rolf_kaminski@hotmail.com,Mr.,Harald,,2005-12-08T23:00:00,MALE,harald.harder@yahoo.com,Mr.,Thomas,,2006-09-21T00:00:00,MALE,thomasemmerich@kfkk.net,Mrs.,Irmgard,,2008-07-20T00:00:00,FEMALE,irmgardgeiger@hotmail.com,Jahnstraße 44,79312,Landeck,Baden-Württemberg,DE,2009-10-06T00:00:00,5,year,95
13,13,family,1,Mr.,Friedrich,,Möller,1929-01-18T00:00:00,friedrich_moeller@hotmail.com,Mrs.,Claudia,,Köhler,1963-10-02T00:00:00,claudiakoehler@juergen-metzger.net,0,Mr.,Josef,,2006-05-23T00:00:00,MALE,jschoene@qnpasdz.us,Mr.,Viktor,,2007-10-02T00:00:00,MALE,viktor_stroh@vljehtwihxqb.com,Mrs.,Gunhild,,2006-10-30T23:00:00,FEMALE,gjahnke@cfcf.de,Mr.,Florian,,2006-03-14T23:00:00,MALE,florianfunke@mymail.org,Mrs.,Gerda,Kirsten,2001-07-23T00:00:00,FEMALE,gerda_froehlich@auron.it,Friedhofstraße 36,39343,Alleringersleben,Sachsen-Anhalt,DE,2010-03-07T00:00:00,3,year,34
14,14,singleMan,0,Mr.,Hendrik,,Esch,1943-01-07T00:00:00,hendrik_esch@nic.com,Mrs.,Gesa,,Reger,1914-12-15T00:00:00,greger@yahoo.com,-4,Mrs.,Ina,Barbara,2004-06-19T00:00:00,FEMALE,inabeck@hotmail.com,Mrs.,Ursula,,1996-09-26T00:00:00,FEMALE,uschlichting@lcrkowudxocr.de,Mr.,Michael,Robert,2009-07-10T00:00:00,MALE,mwiegand@hotmail.com,Mr.,Josef,,2003-07-04T00:00:00,MALE,josef_jentsch@hvzmmtbvr.org,Mr.,Lothar,,1999-11-21T23:00:00,MALE,lotharthomas@bxxpf.com,Bahnhofstraße 42,57644,Winkelbach,Rheinland-Pfalz,DE,2011-05-09T00:00:00,1,year,47
15,15,singleWoman,5,Mr.,Willi,,Radtke,1966-12-13T00:00:00,williradtke@kurt-bach.at,Mrs.,Michaela,,Thamm,1945-12-04T00:00:00,michaelathamm@ohrzdgm.com,-5,Mrs.,Monika,Maria,2002-04-19T00:00:00,FEMALE,monikakuehn@kcmtvdk.com,Mr.,Thomas,,2011-07-26T00:00:00,MALE,trost@cnntp.com,Mr.,Florian,,1996-10-06T00:00:00,MALE,florian.joachim@msn.com,Mrs.,Gertrud,,2008-03-05T23:00:00,FEMALE,gertrud_strobl@mail.ru,Mr.,Andreas,,2008-01-04T23:00:00,MALE,andreas_siegmund@linkscape.de,Dorfstraße 32,24980,Wallsbüll,Schleswig-Holstein,DE,2009-12-11T00:00:00,5,month,262
16,16,singleMan,2,Mr.,Jochen,,Papke,1975-08-13T00:00:00,jpapke@hhtqm.com,Mrs.,Christina,,Urban,1926-02-25T00:00:00,christinaurban@hotmail.com,0,Mr.,Jürgen,,2010-01-18T23:00:00,MALE,juergen.falk@jens-stange.com,Mr.,Günther,,2007-11-27T23:00:00,MALE,gkrause@mgsrweg.net,Mr.,Marian,,1998-10-04T00:00:00,MALE,marian_schwarz@yahoo.com,Mrs.,Martina,,2004-08-06T00:00:00,FEMALE,meberhardt@dynascape.net,Mr.,Dietmar,Herbert,2009-04-28T00:00:00,MALE,dietmarweber@rukvuthpbyc.com,Kirchweg 31,86660,Tapfheim,Bayern,DE,2009-12-23T00:00:00,1,year,192
17,17,singleMan,0,Mr.,Karl-Heinz,,Jablonski,1932-01-26T00:00:00,karl-heinz_jablonski@yahoo.com,Mrs.,Susanne,,Obst,1928-03-12T00:00:00,sobst@twoxomcmoq.ch,2,Mr.,Horst,,1999-05-22T00:00:00,MALE,horstkaufmann@gmail.com,Mrs.,Hedwig,,1996-09-04T00:00:00,FEMALE,hklinge@mofwiiackg.at,Mr.,Herbert,,1997-11-10T23:00:00,MALE,hschmitt@cybersphere.org,Mrs.,Annemarie,,2003-07-24T00:00:00,FEMALE,ahofmann@yahoo.com,Mrs.,Marina,Felicitas,2011-10-05T00:00:00,FEMALE,marina.wrobel@rtxloxrwv.com,Wiesenweg 38,23843,Travenbrück,Schleswig-Holstein,DE,2012-05-21T00:00:00,2,year,14
18,18,family,1,Mr.,Rainer,,Hinz,1918-04-18T01:00:00,rainerhinz@hotdirect.ch,Mrs.,Barbara,,Schumacher,1950-08-22T00:00:00,barbaraschumacher@jhhx.at,-2,Mr.,Jochen,,2002-06-04T00:00:00,MALE,jochen_kohlmann@infoworks.net,Mrs.,Christel,,2008-03-18T23:00:00,FEMALE,christelgrimm@hotmail.com,Mrs.,Astrid,,2007-09-21T00:00:00,FEMALE,astrid_weber@yahoo.com,Mr.,Hans,,2011-03-23T23:00:00,MALE,hwagner@georg-schulz.org,Mrs.,Edith,,1997-07-23T00:00:00,FEMALE,edithmoeller@byvklonad.ch,Berliner Straße 8,23992,Züsow,Mecklenburg-Vorpommern,DE,2012-07-14T00:00:00,1,week,240
19,19,family,4,Mr.,Christopher,,Herrmann,1940-09-29T01:00:00,cherrmann@phcgbr.us,Mrs.,Monika,Irene,Benz,1978-04-03T00:00:00,monikabenz@dmwekutbmyp.fr,-4,Mr.,Roland,,1997-01-28T23:00:00,MALE,roland.ludwig@lindada.com,Mr.,Hans-Friedrich,,2006-04-16T00:00:00,MALE,hans-friedrich_wegener@yournet.it,Mr.,Andreas,,2010-05-31T00:00:00,MALE,andreas_riedl@gmail.com,Mr.,Klaus,,1996-10-13T00:00:00,MALE,klaus_john@fritz-lind.com,Mr.,Peter,,2005-10-18T00:00:00,MALE,peter_heitmann@yahoo.com,Wiesenstraße 44,1936,Gottschdorf,Sachsen,DE,2009-04-09T00:00:00,3,year,181
20,20,singleMan,3,Mr.,Heinz,Richard,Zabel,1925-02-04T00:00:00,heinzzabel@bprdcyogfau.com,Mrs.,Doris,,Schweizer,1980-07-04T01:00:00,doris.schweizer@lkjsctdyb.net,-2,Mr.,Willi,,1997-05-16T00:00:00,MALE,willibehrens@stefan-goetz.at,Mr.,Klaus,,1997-02-14T23:00:00,MALE,klaus_huebner@hotmail.com,Mrs.,Irene,,2010-12-12T23:00:00,FEMALE,irene_goll@jrdcfmocfr.us,Mrs.,Erika,,2004-01-09T23:00:00,FEMALE,erika.pichler@pyeei.com,Mr.,Michael,,2000-09-02T00:00:00,MALE,mkrey@aol.com,Schloßstraße 21,25693,Gudendorf,Schleswig-Holstein,DE,2011-08-19T00:00:00,5,year,96
21,21,singleWoman,0,Mr.,Lothar,,Hopp,1975-10-25T00:00:00,lhopp@gmail.com,Mrs.,Eleonore,,Specht,1944-01-25T00:00:00,especht@gvxtrezuxga.us,-3,Mrs.,Annette,,2007-04-21T00:00:00,FEMALE,annette_oezdemir@rozoycufcvqf.net,Mr.,Manfred,,2010-08-10T00:00:00,MALE,manfred_fellner@qrxyhnvemdv.us,Mrs.,Kornelia,,2001-11-19T23:00:00,FEMALE,kliedtke@yahoo.com,Mrs.,Dagmar,,1996-09-30T00:00:00,FEMALE,dcordes@gmail.com,Mr.,Werner,,1999-11-26T23:00:00,MALE,wernerschanz@wfxtdtjyvb.it,Breslauer Straße 25,46359,Heiden,Nordrhein-Westfalen,DE,2010-01-26T00:00:00,4,month,44
22,22,family,1,Mr.,Michael,,Brandt,1946-07-27T01:00:00,mbrandt@artandor.us,Mrs.,Hildegard,,Baumann,1973-03-02T00:00:00,hildegard.baumann@bsiket.com,-1,Mr.,Alexander,Dieter,1997-07-16T00:00:00,MALE,ajeschke@qvqdom.com,Mrs.,Judith,,2001-10-11T00:00:00,FEMALE,judith.moeller@jmj.us,Mrs.,Britta,,2005-10-14T00:00:00,FEMALE,belsner@hotmail.com,Mr.,Werner,Andre,2000-07-27T00:00:00,MALE,werner.braun@phq.net,Mrs.,Ingeborg,Mara,1998-04-14T00:00:00,FEMALE,ingeborg.hoffmann@yfjqi.ch,Tulpenweg 4,6682,Nessa,Sachsen-Anhalt,DE,2009-05-15T00:00:00,5,year,263
23,23,family,2,Mr.,Jürgen,,Sohn,1965-07-13T00:00:00,juergensohn@yahoo.com,Mrs.,Rosa,Ute,Wehner,1962-05-17T00:00:00,rosawehner@yahoo.com,5,Mrs.,Ida,Herta,1997-08-12T00:00:00,FEMALE,ida_lehmann@wqxwoqmdax.org,Mr.,Frank,,2007-04-04T00:00:00,MALE,frank.reimer@gmail.com,Mr.,Dieter,,2000-09-16T00:00:00,MALE,dieter_hoppe@nzu.it,Mr.,Klaus,Uwe,1996-09-09T00:00:00,MALE,kbuck@gtwatzqswnn.net,Mrs.,Heike,,2002-09-07T00:00:00,FEMALE,heikebloch@otto-behrens.net,Dorfstraße 50,17449,Peenemünde,Mecklenburg-Vorpommern,DE,2010-12-02T00:00:00,3,month,33
24,24,family,5,Mr.,Manfred,,Wolf,1960-10-22T00:00:00,manfred.wolf@aol.com,Mrs.,Anke,Gertrud,Möller,1954-03-01T00:00:00,anke_moeller@yahoo.com,4,Mrs.,Carola,,2009-01-26T23:00:00,FEMALE,csachs@yahoo.com,Mr.,Wilfried,,1997-12-27T23:00:00,MALE,wilfried.zimmermann@yqhwdbfszcpl.it,Mr.,Eduard,Friedrich,2006-11-30T23:00:00,MALE,eduard_eckhardt@martin-dorsch.it,Mr.,Eberhard,,2005-08-22T00:00:00,MALE,eberhard.abel@pietro-christian.com,Mrs.,Ingeborg,Birgit,2010-11-27T23:00:00,FEMALE,ingeborgschaffer@cyberscout.net,Raiffeisenstraße 26,67294,Gauersheim,Rheinland-Pfalz,DE,2011-07-04T00:00:00,3,year,54
25,25,singleMan,4,Mr.,Reiner,,Brunner,1917-02-05T00:00:00,reiner_brunner@dodzbccy.com,Mrs.,Christine,,Wittig,1924-09-25T00:00:00,christine.wittig@fflkfqyvrj.at,-3,Mrs.,Ingrid,,1998-03-04T23:00:00,FEMALE,ingridkraemer@lindium.us,Mr.,Edelbert,,2002-12-24T23:00:00,MALE,ewagner@hotmail.com,Mr.,Heinz-Georg,,2006-01-17T23:00:00,MALE,heinz-georgheiser@gmail.com,Mr.,Manfred,,2008-04-17T00:00:00,MALE,manfredebner@ert.us,Mr.,Horst,,1997-01-06T23:00:00,MALE,hberg@hotmail.com,Feldstraße 34,6682,Deuben,Sachsen-Anhalt,DE,2010-11-10T00:00:00,5,month,67
26,26,singleMan,0,Mr.,Sven,,Maaßen,1921-02-17T00:00:00,sven.maassen@evxohcwsj.de,Mrs.,Isolde,,Dahms,1928-05-20T00:00:00,isoldedahms@bitcom.com,3,Mr.,Martin,,2005-11-13T23:00:00,MALE,mmelzer@artagon.net,Mr.,Lutz,,2000-06-04T00:00:00,MALE,lutz_loos@ehranuzjcs.com,Mrs.,Hildegard,,2001-04-05T00:00:00,FEMALE,hildegardschneider@aol.com,Mr.,Wolfgang,,2011-04-26T00:00:00,MALE,wolfgang_neumann@hotmail.com,Mrs.,Cornelia,,1996-07-07T00:00:00,FEMALE,cornelia_kuhlmann@zawjmdgwhf.net,Amselweg 43,87778,Stetten,Bayern,DE,2010-12-12T00:00:00,4,month,128
27,27,family,1,Mr.,Jens,,Mohr,1909-09-04T00:00:00,jens.mohr@yahoo.com,Mrs.,Undine,,Schindler,1908-09-27T00:00:00,undine.schindler@voylzufzyrw.be,-4,Mr.,Klaus,,2000-12-03T23:00:00,MALE,klausleonhardt@clveqizbdl.com,Mr.,Rolf,,1999-10-12T00:00:00,MALE,rolf_erbe@yahoo.com,Mrs.,Gertrud,Erna,2010-10-10T00:00:00,FEMALE,gertrud_mueller@microworks.com,Mrs.,Barbara,,2011-08-22T00:00:00,FEMALE,bstoehr@ukt.de,Mr.,Hasso,,2000-03-22T23:00:00,MALE,hasso.hinz@yahoo.com,Feldstraße 3,55758,Hettenrodt,Rheinland-Pfalz,DE,2010-09-23T00:00:00,0,year,300
28,28,singleWoman,1,Mr.,Ulrich,Hartmut,Schmid,1954-04-04T00:00:00,uschmid@osdczffvkrrj.com,Mrs.,Gisela,,Meier,1970-04-09T00:00:00,gisela.meier@suktwmod.net,0,Mr.,Emil,,2009-12-23T23:00:00,MALE,emillachmann@ncgdszrouf.ch,Mrs.,Renate,,1999-10-19T00:00:00,FEMALE,renate.baumann@hermann-reiss.de,Mr.,Karl-Heinz,,2007-09-15T00:00:00,MALE,karl-heinz.schreiner@rcc.org,Mrs.,Gisela,Johanna,2000-11-08T23:00:00,FEMALE,gisela.hellwig@mymail.com,Mrs.,Dagmar,Verena,2004-07-11T00:00:00,FEMALE,dwerner@albis.de,Mozartstraße 28,36419,Borsch,Thüringen,DE,2012-01-04T00:00:00,2,month,115
29,29,singleWoman,3,Mr.,Ulrich,,Plötz,1923-12-08T00:00:00,ulrich.ploetz@cephia.us,Mrs.,Elisabeth,,Schaaf,1958-12-03T00:00:00,eschaaf@uyzzqtturm.org,4,Mr.,Ralf,,1999-08-28T00:00:00,MALE,ralf.betz@yahoo.com,Mr.,Otto,Helmut,2012-03-02T23:00:00,MALE,otto_poppe@rolf-dieter-schmidt.org,Mr.,Günter,,2005-08-23T00:00:00,MALE,guenterheinrich@aol.com,Mr.,Jakob,,2005-06-18T00:00:00,MALE,jheld@hans-fischer.com,Mrs.,Ottilie,,2010-09-05T00:00:00,FEMALE,ottilie_haase@tradesoft.net,Feldstraße 8,23996,Neu Viecheln,Mecklenburg-Vorpommern,DE,2011-05-15T00:00:00,2,month,196
30,30,singleMan,2,Mr.,Wilfried,,Rose,1937-09-20T00:00:00,wilfried_rose@hotmail.com,Mrs.,Cecilia,Roswitha,Beyer,1979-10-16T00:00:00,cecilia.beyer@agx.at,-1,Mr.,Axel,,2010-03-19T23:00:00,MALE,axel_jakobi@mpgzp.com,Mrs.,Gisela,Maria,1998-12-18T23:00:00,FEMALE,gisela.kiessling@hotmail.com,Mrs.,Elsbeth,,2000-10-12T00:00:00,FEMALE,ehesse@ojegwohs.de,Mrs.,Martha,,2011-04-21T00:00:00,FEMALE,martha_holland@lanxergy.de,Mrs.,Elisabeth,,2002-06-01T00:00:00,FEMALE,elisabeth_hessel@yahoo.com,Bahnhofstraße 25,19230,Setzin,Mecklenburg-Vorpommern,DE,2010-01-18T00:00:00,5,week,192
31,31,family,3,Mr.,Rainer,,Neumann,1982-01-29T00:00:00,rainer_neumann@ljtt.de,Mrs.,Irene,,Bosch,1978-10-25T00:00:00,irene.bosch@yahoo.com,0,Mr.,Bastian,,2003-02-24T23:00:00,MALE,broth@bookpoint.com,Mr.,Gebhard,,2003-03-14T23:00:00,MALE,gebhardnadler@cyberscape.de,Mr.,Steffen,,2000-09-25T00:00:00,MALE,steffen.becker@jjejev.com,Mrs.,Christine,,2003-10-19T00:00:00,FEMALE,christine_dittmar@hsddxclrvnf.us,Mr.,Helmut,Peter,1999-06-20T00:00:00,MALE,hgoepfert@evubis.it,Kirchstraße 34,23992,Teplitz,Mecklenburg-Vorpommern,DE,2011-07-08T00:00:00,0,month,168
32,32,singleMan,5,Mr.,Ulrich,,Müller,1959-04-01T00:00:00,umueller@surtor.org,Mrs.,Simone,,Schwarz,1919-11-28T00:00:00,simoneschwarz@mwynfyd.us,-1,Mrs.,Friederike,,2001-04-07T00:00:00,FEMALE,fgabler@psj.de,Mrs.,Gabriele,,1999-10-23T00:00:00,FEMALE,gabrieleseidler@svs.org,Mr.,Karsten,Reinhard,2006-07-16T00:00:00,MALE,kzapf@jakob-kemper.com,Mrs.,Helga,,2001-01-09T23:00:00,FEMALE,hpohl@gmail.com,Mrs.,Jennifer,,1997-08-31T00:00:00,FEMALE,jenniferlang@vbvr.com,Beethovenstraße 17,57537,Lechenbach,Rheinland-Pfalz,DE,2009-07-16T00:00:00,4,month,112
33,33,singleWoman,3,Mr.,Detlef,,Lange,1976-12-25T00:00:00,detleflange@homestar.com,Mrs.,Elisabeth,,Schardt,1989-06-28T01:00:00,elisabeth.schardt@elmalon.com,-2,Mr.,Adam,,1997-12-30T23:00:00,MALE,adamwalther@hotworks.com,Mr.,Christian,,2004-05-19T00:00:00,MALE,christian.wild@yahoo.com,Mr.,Michael,Uwe,2010-11-11T23:00:00,MALE,michael.haag@hotmail.com,Mrs.,Judith,,2010-06-20T00:00:00,FEMALE,judith_vogel@juergen-jost.com,Mrs.,Ute,,2006-02-19T23:00:00,FEMALE,ute_hertel@gmail.com,Schillerstraße 29,16548,Glienicke,Brandenburg,DE,2010-04-20T00:00:00,0,month,244
34,34,singleMan,5,Mr.,Peter,,Luft,1975-11-01T00:00:00,peter.luft@matthias-eckardt.net,Mrs.,Eleonore,,Weise,1941-08-09T01:00:00,eleonore.weise@wthafzwnx.org,2,Mr.,Walter,,2001-04-01T00:00:00,MALE,wboehm@hotmail.com,Mrs.,Laura,,2008-10-21T00:00:00,FEMALE,lauraheine@martin-gehrke.com,Mrs.,Eva-Maria,,2009-08-16T00:00:00,FEMALE,eva-maria.schwarzer@yahoo.com,Mrs.,Irmgard,Anke,2000-06-26T00:00:00,FEMALE,irmgard.rothe@yahoo.com,Mr.,Andreas,,1999-04-14T00:00:00,MALE,andreas_pusch@illumeo.us,Raiffeisenstraße 48,16278,Kerkow,Brandenburg,DE,2011-04-05T00:00:00,2,month,274
35,35,singleWoman,4,Mr.,Josef,,Gerlach,1953-04-08T00:00:00,josef.gerlach@yerrmvhwlien.com,Mrs.,Jutta,,Renner,1934-05-18T00:00:00,jutta.renner@celeco.com,5,Mr.,Heinz-Günter,Alex,2010-08-25T00:00:00,MALE,heinz-guenterbrandt@kmnqjpyokrf.be,Mr.,Andreas,,2007-05-24T00:00:00,MALE,andreas_schmidt@hotmail.com,Mr.,Franz,Stefan,2010-09-28T00:00:00,MALE,frotter@qlfzox.com,Mr.,Björn,,2011-02-12T23:00:00,MALE,bwolfram@hotmail.com,Mr.,Rolf,,2010-03-04T23:00:00,MALE,rmueller@chn.com,Neue Straße 50,89081,Seligweiler,Bayern,DE,2009-07-28T00:00:00,2,week,127
36,36,singleWoman,1,Mr.,Michael,Klaus,Hoffmeister,1984-10-19T00:00:00,michael_hoffmeister@hbuuqkpolvd.org,Mrs.,Christine,,Finger,1942-10-10T01:00:00,cfinger@mxywco.ch,3,Mrs.,Christl,Ingrid,2009-05-17T00:00:00,FEMALE,christl.melzer@yahoo.com,Mrs.,Susanne,,2002-12-18T23:00:00,FEMALE,susanne.strobel@nmhqwisbzbm.com,Mrs.,Roswitha,,2011-05-22T00:00:00,FEMALE,roswithaweiss@moh.de,Mr.,Matthias,,2005-05-22T00:00:00,MALE,matthias_schaub@pwf.it,Mr.,Heiko,Karl-Heinz,2009-10-25T00:00:00,MALE,heiko_schulz@tzrqvt.it,Rosenweg 9,15838,Wünsdorf,Brandenburg,DE,2011-09-18T00:00:00,2,month,293
37,37,singleMan,1,Mr.,Kurt,,Wilke,1966-12-27T00:00:00,kurt.wilke@nwqhb.net,Mrs.,Irmtraud,Astrid,Henrichs,1921-09-29T00:00:00,ihenrichs@kknukn.com,2,Mrs.,Silvia,,2006-08-06T00:00:00,FEMALE,silvia_kremer@otto-holstein.de,Mrs.,Eleonore,,2008-01-20T23:00:00,FEMALE,eleonore_ehmann@yahoo.com,Mrs.,Adelheid,,2008-01-26T23:00:00,FEMALE,akrebs@heinz-borchert.it,Mrs.,Ingrid,,2000-09-27T00:00:00,FEMALE,ingridkraemer@wrbkgxrhpw.net,Mrs.,Helga,,2010-06-24T00:00:00,FEMALE,hhartwig@ifdgdcoog.us,Uhlandstraße 18,67806,Katzenbach,Rheinland-Pfalz,DE,2011-06-04T00:00:00,3,week,220
38,38,singleWoman,0,Mr.,Dieter,Günter,Weiland,1912-09-14T00:00:00,dieterweiland@aol.com,Mrs.,Yvonne,,Kube,1914-08-04T00:00:00,yvonnekube@ndkhyrkazi.us,-1,Mr.,Peter,,2011-01-01T23:00:00,MALE,petermann@wiles.com,Mr.,Stefan,,2006-06-01T00:00:00,MALE,shummel@smartbot.com,Mr.,Werner,,1998-09-09T00:00:00,MALE,werner_kunz@aol.com,Mr.,Michael,,2000-08-18T00:00:00,MALE,michaelkrauss@wwfr.de,Mrs.,Helga,Stefanie,2002-11-10T23:00:00,FEMALE,helgadamm@yahoo.com,Bahnhofstraße 2,24848,Klein Rheide,Schleswig-Holstein,DE,2009-08-03T00:00:00,1,month,126
39,39,singleMan,4,Mr.,Mathias,,Popp,1931-12-23T00:00:00,mathias_popp@yahoo.com,Mrs.,Ingeborg,,Erhard,1979-12-08T00:00:00,ierhard@hotmail.com,-5,Mr.,Rolf,,2011-06-23T00:00:00,MALE,rolf.guenther@heinz-arnold.fr,Mrs.,Christiane,,2005-01-10T23:00:00,FEMALE,christianewessel@frank-heck.ch,Mr.,Rolf,Heinrich,2011-07-25T00:00:00,MALE,rbaeumler@msn.com,Mr.,Veit,,2002-01-01T23:00:00,MALE,vseverin@ivkspdw.com,Mr.,Anton,Andreas,2010-02-22T23:00:00,MALE,antonwinter@vkwjvxqacpxk.org,Friedhofstraße 37,54298,Eisenach,Rheinland-Pfalz,DE,2010-04-20T00:00:00,5,week,11
40,40,singleWoman,4,Mr.,Walter,,Thomas,1967-07-13T00:00:00,walter.thomas@lgk.net,Mrs.,Johanna,,Wiemann,1988-12-02T00:00:00,johannawiemann@altentis.com,2,Mrs.,Ursula,Ursel,2010-05-28T00:00:00,FEMALE,ursula.wagner@jogb.at,Mrs.,Michaela,,1999-10-31T23:00:00,FEMALE,michaela_beck@lwlro.org,Mrs.,Marion,,2008-02-20T23:00:00,FEMALE,mpohl@hotmail.com,Mr.,Rainer,,2003-08-25T00:00:00,MALE,rainer.stotz@aol.com,Mr.,Ekkehart,,1997-09-16T00:00:00,MALE,ekkehartrichter@hkpa.us,Dorfstraße 32,67591,Wachenheim,Rheinland-Pfalz,DE,2010-01-08T00:00:00,5,week,186
41,41,family,3,Mr.,Horst,,Mayer,1943-06-18T01:00:00,horst_mayer@plr.at,Mrs.,Christel,Michaela,Bloch,1961-03-31T00:00:00,cbloch@solarology.us,3,Mr.,Karl,Wilhelm,2008-04-05T00:00:00,MALE,karlchrist@yahoo.com,Mrs.,Christel,,2011-04-11T00:00:00,FEMALE,christel.braeutigam@hmuupwqefdec.net,Mrs.,Melanie,,2004-05-31T00:00:00,FEMALE,mbaumgart@yahoo.com,Mr.,Helmut,Frank,1999-11-20T23:00:00,MALE,helmut.schneider@zny.com,Mrs.,Andrea,Anna,2011-04-22T00:00:00,FEMALE,andrea_huettner@novchfr.de,Bergstraße 16,82346,Andechs,Bayern,DE,2011-03-22T00:00:00,3,week,126
42,42,singleMan,2,Mr.,Rafael,,Jacob,1992-07-15T01:00:00,rafaeljacob@nnitao.com,Mrs.,Sybille,Monika,Siemers,1968-04-13T00:00:00,sybille.siemers@yahoo.com,-3,Mrs.,Monika,,2006-09-09T00:00:00,FEMALE,monika_meyer@ventureshop.de,Mrs.,Stephanie,Barbara,2009-12-10T23:00:00,FEMALE,stephanie_maier@aol.com,Mr.,Heinz,,2011-01-16T23:00:00,MALE,heinz_stegemann@hotmail.com,Mr.,Willi,,2002-03-15T23:00:00,MALE,willijacobs@hotmail.com,Mr.,Helmut,,2005-08-08T00:00:00,MALE,helmuthummel@qzxnbaylnie.de,Mühlweg 42,18246,Klein Gnemern,Mecklenburg-Vorpommern,DE,2009-12-21T00:00:00,5,month,54
43,43,singleMan,0,Mr.,Rudolf,Willi,Vogel,1946-04-26T01:00:00,rudolfvogel@yahoo.com,Mrs.,Gudrun,Gerda,Hagen,1966-02-13T00:00:00,gudrun.hagen@yahoo.com,-3,Mr.,Herbert,Arnold,2011-01-01T23:00:00,MALE,herbertrosemann@yahoo.com,Mr.,Holger,,2003-03-06T23:00:00,MALE,holger.horn@nzk.at,Mr.,Wolfgang,,1998-02-24T23:00:00,MALE,wkrause@hsymosy.net,Mrs.,Sandra,,2003-02-08T23:00:00,FEMALE,sandra_janke@wkcluddg.net,Mrs.,Corinna,,2012-02-23T23:00:00,FEMALE,corinnahesse@sygnina.us,Tulpenweg 19,24649,Fuhlendorf,Schleswig-Holstein,DE,2012-09-26T00:00:00,4,month,178
44,44,singleMan,2,Mr.,Karl,Marco,Schlegel,1983-05-24T01:00:00,kschlegel@aol.com,Mrs.,Ute,,Herzog,1918-05-11T01:00:00,uherzog@mycast.com,4,Mrs.,Martina,,2011-09-22T00:00:00,FEMALE,martina_miller@yahoo.com,Mr.,Martin,,2004-04-22T00:00:00,MALE,martinkube@hhhaetryhy.de,Mr.,Torsten,Dominik,2007-07-04T00:00:00,MALE,tmohr@ralf-guhl.org,Mrs.,Elfriede,,2008-10-26T23:00:00,FEMALE,elfriedeleonhardt@ekaindmtavbb.net,Mr.,Rainer,,1997-05-30T00:00:00,MALE,rainer.rummel@qdmwlf.org,Beethovenstraße 42,24890,Stolk,Schleswig-Holstein,DE,2011-05-23T00:00:00,2,week,300
45,45,singleMan,4,Mr.,Burkhard,,Bender,1917-02-03T00:00:00,burkhardbender@arcubis.de,Mrs.,Heidi,Nicole,Niggemann,1992-12-09T00:00:00,heidi.niggemann@yahoo.com,-3,Mrs.,Monika,Marion,2008-01-07T23:00:00,FEMALE,monikablock@bwqezwshp.ch,Mrs.,Elfriede,,2005-10-01T00:00:00,FEMALE,elfriedemaas@hotmail.com,Mr.,Olaf,,2000-01-21T23:00:00,MALE,olafreiter@gmail.com,Mr.,Harald,,2010-10-17T00:00:00,MALE,harald_benz@wolfgang-warnke.de,Mr.,Friedrich,Gerhard,2000-09-10T00:00:00,MALE,fweiss@axel-niessen.com,Parkstraße 15,1877,Naundorf,Sachsen,DE,2011-11-19T00:00:00,4,year,216
46,46,singleWoman,2,Mr.,Michael,,Faßbender,1988-04-07T01:00:00,mfassbender@okn.com,Mrs.,Tanja,,Meyer,1920-09-09T00:00:00,tanjameyer@yahoo.com,1,Mrs.,Andrea,,2003-08-29T00:00:00,FEMALE,andrea_schmidt@smartology.ch,Mrs.,Renate,Emmi,2010-02-08T23:00:00,FEMALE,renate_schaeffer@avydcoszot.at,Mr.,Uwe,,2005-04-13T00:00:00,MALE,uweiss@yahoo.com,Mrs.,Gertraud,,1996-11-13T23:00:00,FEMALE,gertraud_goehler@daf.com,Mrs.,Rosemarie,,1999-08-08T00:00:00,FEMALE,rosemarie.kolb@yrhz.us,Marktplatz 24,86556,Kühbach,Bayern,DE,2011-09-14T00:00:00,0,year,113
47,47,singleWoman,2,Mr.,Ernst,,Coenen,1965-02-12T00:00:00,ernst.coenen@hotmail.com,Mrs.,Ines,,Hellmann,1936-09-21T00:00:00,ines.hellmann@bydlnbda.com,5,Mrs.,Rosemarie,,2009-10-26T23:00:00,FEMALE,rfiedler@yahoo.com,Mrs.,Vanessa,Sabine,2000-10-09T00:00:00,FEMALE,vringel@aol.com,Mrs.,Elfriede,,2004-02-18T23:00:00,FEMALE,erupp@jdznzchqdoo.us,Mrs.,Hertha,,2007-12-30T23:00:00,FEMALE,hertha.koenig@sse.com,Mr.,Heinz,,1996-06-30T00:00:00,MALE,heinz.schroeder@uwe-behrendt.com,Am Sportplatz 12,73079,Süßen,Baden-Württemberg,DE,2009-07-16T00:00:00,5,month,249
48,48,family,3,Mr.,Udo,,Arnold,1934-06-17T00:00:00,udoarnold@ejxw.ch,Mrs.,Irmgard,,Franke,1953-05-29T00:00:00,irmgard.franke@hotmail.com,0,Mr.,Heini,,2002-09-09T00:00:00,MALE,hgreiner@hotmail.com,Mr.,Hubert,,2000-10-16T00:00:00,MALE,hhaussmann@yahoo.com,Mr.,Jörg,Thomas,2001-03-22T23:00:00,MALE,joergwidmann@aol.com,Mr.,Dirk,Gustav,2002-08-05T00:00:00,MALE,dirk.froehlich@zpn.us,Mrs.,Dora,,2008-12-18T23:00:00,FEMALE,dora_henn@lntychrya.com,Ringstraße 12,97490,Poppenhausen,Bayern,DE,2012-05-29T00:00:00,2,week,222
49,49,singleMan,4,Mr.,Mike,,Schreiner,1956-03-26T00:00:00,mike.schreiner@yahoo.com,Mrs.,Maria,,Ritter,1986-06-03T01:00:00,maria.ritter@ypthyv.de,0,Mr.,Peter,Hans-Joachim,2006-06-19T00:00:00,MALE,pwittig@zyfslsu.us,Mrs.,Luisa,,1997-08-19T00:00:00,FEMALE,luisahuber@kac.fr,Mrs.,Eva-Maria,Beate,2011-06-20T00:00:00,FEMALE,eva-maria_hentschel@wdq.org,Mr.,Horst,,2010-05-20T00:00:00,MALE,horst.zink@hotmail.com,Mr.,Milan,,2001-11-23T23:00:00,MALE,milanbrandt@myworld.us,Rosenweg 29,63828,Kleinkahl,Bayern,DE,2010-03-01T00:00:00,2,week,24
50,50,singleMan,2,Mr.,Karl-Heinz,,Weiß,1973-06-20T00:00:00,karl-heinz.weiss@konrad-hartmann.net,Mrs.,Brigitte,,Schneider,1959-12-07T00:00:00,brigitte_schneider@fuyubrusop.us,2,Mr.,Rudolf,,2000-06-09T00:00:00,MALE,rudolf_schultz@jswshcu.ch,Mrs.,Elisabeth,,2003-12-13T23:00:00,FEMALE,elisabeth.herbert@celon.us,Mr.,Herbert,Hugo,1998-11-17T23:00:00,MALE,herbert_schnitzer@hotmail.com,Mrs.,Ute,,2008-08-31T00:00:00,FEMALE,utefroehlich@nvezgryhrmbt.it,Mrs.,Inka,,2010-08-15T00:00:00,FEMALE,ihinzmann@tgmunn.com,Industriestraße 21,31137,Hildesheim,Niedersachsen,DE,2009-11-17T00:00:00,0,week,76
51,51,singleWoman,3,Mr.,Manfred,Michael,Hock,1990-05-11T01:00:00,manfred_hock@datascape.com,Mrs.,Ingrid,,Hansen,1927-05-14T00:00:00,ihansen@qphwormolqwg.com,5,Mr.,Michael,,2008-07-31T00:00:00,MALE,mfriedrich@reinhard-kurtz.at,Mr.,Klaus,Eberhard,2003-12-10T23:00:00,MALE,klaus.rother@baqmlvqzbifc.com,Mrs.,Maria,,1999-05-18T00:00:00,FEMALE,mkircher@oevs.net,Mr.,Alfred,,2012-02-28T23:00:00,MALE,alfredlindner@hotmail.com,Mr.,Herbert,,2000-10-05T00:00:00,MALE,herbert_otten@yahoo.com,Drosselweg 16,19230,Picher,Mecklenburg-Vorpommern,DE,2011-11-07T00:00:00,3,week,184
52,52,singleMan,2,Mr.,Heinz,,Sommer,1934-01-02T00:00:00,heinzsommer@email.org,Mrs.,Wilma,,Hammerschmidt,1954-12-28T00:00:00,whammerschmidt@dataworks.com,2,Mrs.,Brigitte,,1998-12-28T23:00:00,FEMALE,brigitteklein@singexis.com,Mrs.,Alice,,2005-06-27T00:00:00,FEMALE,aschumacher@xzjmrndwde.us,Mrs.,Christa,,2007-05-24T00:00:00,FEMALE,christa_jacobs@gigabot.com,Mr.,Willi,,2008-06-02T00:00:00,MALE,willi.mueller@delton.net,Mrs.,Edeltraud,,1996-10-15T00:00:00,FEMALE,edeltraudherrmann@powerdirect.it,Friedhofstraße 10,30989,Gehrden,Niedersachsen,DE,2011-12-13T00:00:00,4,year,127
53,53,singleMan,5,Mr.,Artur,,Schmitt,1910-01-09T00:00:00,artur_schmitt@infoserve.it,Mrs.,Anna,,Apel,1925-12-11T00:00:00,anna.apel@mxucygfadaj.net,2,Mr.,Lorenz,,2008-05-02T00:00:00,MALE,lorenz.richter@qxtx.de,Mrs.,Ines,,2000-12-12T23:00:00,FEMALE,ines.beetz@xnjkcccrlz.com,Mrs.,Karin,,2001-05-29T00:00:00,FEMALE,karinmeier@synaxalon.us,Mrs.,Viola,,2009-07-20T00:00:00,FEMALE,vhaas@gmail.com,Mr.,Klaus,,2010-09-17T00:00:00,MALE,klaus.wilke@lacj.us,Bachstraße 27,91587,Adelshofen,Bayern,DE,2011-10-16T00:00:00,5,month,37
54,54,singleWoman,4,Mr.,Peter,,Lehmann,1931-10-15T00:00:00,peter_lehmann@sdirwloqdwcc.org,Mrs.,Edith,,Voigt,1928-08-17T00:00:00,edith_voigt@yahoo.com,3,Mr.,Hubert,Wolfgang,2011-08-01T00:00:00,MALE,hubert_heide@lanxanum.net,Mrs.,Maria,,1997-05-18T00:00:00,FEMALE,mariaschulz@otw.us,Mr.,Rudolf,,2001-02-18T23:00:00,MALE,rudolf.lechner@cureco.org,Mr.,Oliver,,2005-07-17T00:00:00,MALE,oliver_grass@hotmail.com,Mrs.,Dorothea,Annemarie,2009-12-10T23:00:00,FEMALE,dney@digistation.at,Kirchgasse 38,26639,Wiesmoor,Niedersachsen,DE,2010-01-20T00:00:00,4,month,25
55,55,singleWoman,4,Mr.,Helmut,,Geiger,1926-08-11T00:00:00,helmutgeiger@clicksphere.ch,Mrs.,Adelheid,,Koch,1953-03-11T00:00:00,akoch@yahoo.com,3,Mrs.,Ulrike,,2008-02-19T23:00:00,FEMALE,ulrike_hanke@gmail.com,Mr.,Heinz,,2003-11-03T23:00:00,MALE,heinz.kloeckner@yahoo.com,Mr.,Wilhelm,,2002-07-07T00:00:00,MALE,wilhelm_hecker@hotmail.com,Mrs.,Herta,,1997-08-24T00:00:00,FEMALE,hertakraft@ttzqoq.com,Mrs.,Carmen,Antje,2012-03-16T23:00:00,FEMALE,carmen_kuhnt@ztcfgxhrbfx.it,Schulstraße 15,86477,Adelsried,Bayern,DE,2011-02-10T00:00:00,4,month,16
56,56,singleMan,1,Mr.,Gerhard,,Arndt,1908-01-29T00:00:00,gerhard_arndt@yahoo.com,Mrs.,Rosemarie,,Wahl,1954-10-06T00:00:00,rosemariewahl@yrnwh.com,1,Mrs.,Greta,,2011-02-19T23:00:00,FEMALE,greta.wacker@aol.com,Mrs.,Annegret,,2009-10-10T00:00:00,FEMALE,aeichhorn@aol.com,Mr.,Joachim,Michael,1999-06-05T00:00:00,MALE,joachim.tews@parera.us,Mrs.,Gudrun,,2002-09-30T00:00:00,FEMALE,gudrun_arndt@btsbrbt.com,Mrs.,Annika,,2009-05-22T00:00:00,FEMALE,annikastrunk@illumum.com,Schulstraße 17,15868,Münchhofe,Brandenburg,DE,2010-09-11T00:00:00,5,month,77
57,57,singleWoman,2,Mr.,Heinrich,Bruno,Wallner,1950-04-21T00:00:00,heinrich_wallner@solarscape.com,Mrs.,Beate,Silvia,Busse,1926-01-21T00:00:00,beate_busse@hotmail.com,-4,Mr.,Günter,,2002-01-28T23:00:00,MALE,guenter.koenig@hotmail.com,Mr.,Johann,,2005-06-20T00:00:00,MALE,johannkoehler@bluebottle.com,Mr.,Kurt,Götz,1996-06-15T00:00:00,MALE,kmarks@yahoo.com,Mr.,Klaus,,2004-08-10T00:00:00,MALE,klaus_neumeister@dataworks.eu,Mr.,Gerhard,,2010-12-04T23:00:00,MALE,gneumann@vyhjr.us,Kirchweg 27,19372,Groß Godems,Mecklenburg-Vorpommern,DE,2011-07-22T00:00:00,2,week,243
58,58,family,4,Mr.,Johannes,,Kruse,1966-12-21T00:00:00,johanneskruse@lyd.net,Mrs.,Hedwig,Simone,Schütze,1968-01-02T00:00:00,hedwig.schuetze@ewald-thoma.com,2,Mr.,Rudolf,,2006-10-23T00:00:00,MALE,rudolf.rasche@hotmail.com,Mr.,Herbert,,2000-03-08T23:00:00,MALE,herbertspitzer@qqw.it,Mrs.,Marie,,1997-07-03T00:00:00,FEMALE,mariefischer@phuyxdxb.us,Mrs.,Ursula,,2003-11-23T23:00:00,FEMALE,ukoch@fmwuduium.net,Mrs.,Ilse,Andrea,2000-12-01T23:00:00,FEMALE,ilse_seubert@infobit.com,Waldstraße 27,17091,Kriesow,Mecklenburg-Vorpommern,DE,2010-02-27T00:00:00,2,year,287
59,59,singleMan,0,Mr.,Torsten,,Mayer,1936-07-20T00:00:00,tmayer@ujc.com,Mrs.,Sigrid,Anne,Härtel,1942-08-21T01:00:00,sigridhaertel@robert-becker.net,-3,Mr.,Ernst,,2007-09-14T00:00:00,MALE,ernstfrank@aawpbksxfuea.us,Mrs.,Uta,,2006-09-04T00:00:00,FEMALE,utapeters@jzzfjnfxm.at,Mrs.,Gabi,,2002-03-12T23:00:00,FEMALE,gabi.riemer@hotmail.com,Mr.,Michael,,2012-04-01T00:00:00,MALE,michael_junk@xdejnabh.be,Mr.,Burkhard,,2002-01-02T23:00:00,MALE,burkhard_bergen@lbgfkhuzp.org,Wiesenweg 18,99192,Gottstedt,Thüringen,DE,2009-11-29T00:00:00,3,year,281
60,60,family,5,Mr.,Hans-Jürgen,Michel,Stickel,1912-05-13T00:00:00,hans-juergen_stickel@yahoo.com,Mrs.,Johanna,,Eich,1919-01-31T00:00:00,johanna.eich@lanxulus.us,1,Mr.,Peter,,2010-05-28T00:00:00,MALE,peterkirschbaum@cintia.ch,Mr.,Manfred,,2011-02-19T23:00:00,MALE,mhess@bgu.com,Mr.,Philipp,Karl-Heinz,2001-03-23T23:00:00,MALE,philippschulze@digistation.de,Mrs.,Maria,,2004-11-28T23:00:00,FEMALE,maria_bolte@yahoo.com,Mr.,Wilhelm,,2005-08-23T00:00:00,MALE,wilhelm_klein@emz.fr,Bachstraße 44,16775,Altlüdersdorf,Brandenburg,DE,2011-03-10T00:00:00,4,month,161
61,61,singleMan,2,Mr.,Werner,Robert,Bastian,1981-07-03T01:00:00,wbastian@nutarkdd.net,Mrs.,Barbara,,Grosse,1970-11-20T00:00:00,barbaragrosse@atmuox.com,4,Mrs.,Ursula,,2004-11-08T23:00:00,FEMALE,ursula_heyn@hotmail.com,Mrs.,Anita,,2007-09-06T00:00:00,FEMALE,anita.wagner@guenter-lindner.org,Mrs.,Edeltraud,,2010-09-26T00:00:00,FEMALE,edeltraud_piotrowski@benedikt-husemann.com,Mrs.,Dagmar,,2006-04-05T00:00:00,FEMALE,dagmar_roth@hvpvehmgrkvy.de,Mr.,Alfred,,2008-08-28T00:00:00,MALE,aneumann@oyp.com,Rosenstraße 29,14547,Schlunkendorf,Brandenburg,DE,2009-05-15T00:00:00,0,month,258
62,62,singleWoman,5,Mr.,Christian,,Wagner,1989-11-26T00:00:00,christian_wagner@tqkfgo.de,Mrs.,Brigitte,,Kretschmer,1987-07-22T01:00:00,bkretschmer@ukw.com,0,Mrs.,Anny,,2004-05-13T00:00:00,FEMALE,annybartl@hotmail.com,Mrs.,Heidrun,Susanne,2004-08-08T00:00:00,FEMALE,hmartin@yahoo.com,Mrs.,Waltraud,,2009-03-02T23:00:00,FEMALE,waltraud.mayer@clickware.com,Mr.,Jens,Manfred,2003-09-08T00:00:00,MALE,jens_holl@buuavfzdx.net,Mrs.,Katharina,,1997-11-09T23:00:00,FEMALE,katharina.groth@hotmail.com,Waldweg 50,54533,Niederscheidweiler,Rheinland-Pfalz,DE,2012-02-27T00:00:00,0,week,263
63,63,family,4,Mr.,Viktor,Anton,Blank,1929-05-31T00:00:00,viktor.blank@hotmail.com,Mrs.,Hilde,,Scheidt,1946-04-08T00:00:00,hscheidt@gerhard-wiedemann.us,5,Mr.,Johann,,2002-05-18T00:00:00,MALE,johann.voelkl@pkzfblkws.com,Mrs.,Renate,Sigrid,2003-12-24T23:00:00,FEMALE,renatekrueger@hans-peter-hentschel.com,Mr.,Dieter,,1997-01-11T23:00:00,MALE,dieter.bauer@mrtmuvtgtud.be,Mr.,Alois,,2000-03-11T23:00:00,MALE,alois_neugebauer@pfyonoqakyrw.ch,Mrs.,Susanne,,2000-04-13T00:00:00,FEMALE,susannejaeckel@yahoo.com,Hauptstraße 6,49847,Itterbeck,Niedersachsen,DE,2011-05-15T00:00:00,2,year,181
64,64,family,4,Mr.,Hans-Günther,,Wehner,1915-04-04T00:00:00,hans-guentherwehner@hotmail.com,Mrs.,Karola,Doris,Herzig,1973-02-03T00:00:00,karola.herzig@hotmail.com,1,Mr.,Robert,,2001-08-28T00:00:00,MALE,rschaller@aol.com,Mr.,Wolfgang,Adolf,2004-09-23T00:00:00,MALE,wteubner@hotmail.com,Mrs.,Inge,,2000-02-18T23:00:00,FEMALE,ingerenner@qvx.com,Mrs.,Beate,,2009-07-04T00:00:00,FEMALE,bbaumann@msn.com,Mr.,Michael,,2007-06-30T00:00:00,MALE,michael.karger@ngasozpsfqi.us,Bahnhofstraße 11,16928,Vettin,Brandenburg,DE,2009-07-22T00:00:00,2,year,140
65,65,family,4,Mr.,Jürgen,Reginald,Adler,1921-10-27T00:00:00,jadler@codebot.us,Mrs.,Emma,,Zielke,1910-02-01T00:00:00,emmazielke@oknou.net,4,Mrs.,Elke,,2001-09-11T00:00:00,FEMALE,elke_reinhardt@chrsiycfihzc.de,Mrs.,Hannelore,,2009-06-09T00:00:00,FEMALE,hannelore.scheidt@belium.net,Mr.,Yilmaz,,2008-01-02T23:00:00,MALE,yilmaz_voigt@yahoo.com,Mrs.,Marianne,,2006-01-22T23:00:00,FEMALE,mmeuser@michael-mueller.org,Mrs.,Sybille,,2001-11-29T23:00:00,FEMALE,shofmann@norbert-brand.com,Gartenstraße 42,91217,Hersbruck,Bayern,DE,2011-08-19T00:00:00,4,week,171
66,66,family,2,Mr.,Armin,,Krause,1938-02-13T00:00:00,arminkrause@ptnsthzccd.com,Mrs.,Renate,,Schley,1921-06-07T00:00:00,renate_schley@hotmail.org,1,Mr.,Stefan,Georg,1998-11-12T23:00:00,MALE,stefankern@clickzone.com,Mr.,Thomas,,2010-09-27T00:00:00,MALE,teppler@wjz.net,Mr.,Bodo,,2012-03-24T23:00:00,MALE,bodo_eggert@synb.com,Mrs.,Magret,Evi,1996-06-22T00:00:00,FEMALE,magret_schaeffler@yahoo.com,Mrs.,Irmgard,,2008-11-11T23:00:00,FEMALE,ireiff@pdd.org,Schulstraße 15,99439,Buttelstedt,Thüringen,DE,2009-06-16T00:00:00,5,month,258
67,67,singleMan,3,Mr.,Gerd,Hubert,Mann,1912-04-14T00:00:00,gerd_mann@qzlbhopxo.us,Mrs.,Tanja,,Heyn,1929-06-04T00:00:00,tanja_heyn@tognartis.it,-4,Mr.,José,,2004-04-12T00:00:00,MALE,jose_henke@gmail.com,Mrs.,Hanna,Sonja,2004-03-24T23:00:00,FEMALE,hanna.hein@yahoo.com,Mr.,Horst,,2001-03-01T23:00:00,MALE,horst.holzwarth@yahoo.com,Mrs.,Christel,Monika,1999-05-17T00:00:00,FEMALE,cschaefers@hotmail.com,Mrs.,Hedwig,,1999-02-12T23:00:00,FEMALE,hedwig.riedl@cmoxia.com,Fliederweg 35,7422,Solsdorf,Thüringen,DE,2012-04-19T00:00:00,1,year,26
68,68,singleMan,0,Mr.,Josef,,Fischer,1949-09-03T01:00:00,joseffischer@ovkdwgskzx.de,Mrs.,Bärbel,,Schmuck,1985-01-12T00:00:00,baerbel_schmuck@gjjjgthxek.com,1,Mrs.,Ingeborg,,1997-02-01T23:00:00,FEMALE,ingeborgneumann@yahoo.com,Mr.,Horst,,1999-12-24T23:00:00,MALE,horst_oswald@arquartis.net,Mrs.,Ursula,,1997-07-14T00:00:00,FEMALE,ubender@uwe-steinmetz.org,Mr.,Gunnar,,1997-11-20T23:00:00,MALE,gunnar.sorg@envicom.com,Mrs.,Ursula,,2005-04-09T00:00:00,FEMALE,ursula_schlegel@compushop.com,Jahnstraße 11,97252,Frickenhausen,Bayern,DE,2009-07-02T00:00:00,4,week,286
69,69,singleWoman,3,Mr.,Rudi,,Kretschmann,1923-07-06T00:00:00,rudi.kretschmann@willi-edler.net,Mrs.,Frieda,Kerstin,Ulbrich,1907-12-02T00:00:00,frieda_ulbrich@yahoo.com,5,Mrs.,Rosi,,2009-05-20T00:00:00,FEMALE,rosibock@hotmail.com,Mrs.,Margarete,Irmgard,2008-01-13T23:00:00,FEMALE,margarete_schewe@bkxzihtrqfrv.us,Mr.,Björn,,2012-04-01T00:00:00,MALE,bjoern.hartmann@xpbegxjsjt.at,Mrs.,Lieselotte,,1997-09-02T00:00:00,FEMALE,lieselotte.schulz@ohd.net,Mr.,Herbert,,1996-10-20T00:00:00,MALE,hkeller@iei.de,Dorfstraße 27,39599,Deetz,Sachsen-Anhalt,DE,2011-05-17T00:00:00,5,year,126
70,70,singleWoman,1,Mr.,Alfons,,Röttger,1991-10-05T00:00:00,alfonsroettger@ukqnpcvue.com,Mrs.,Ute,,Loos,1991-09-10T01:00:00,uteloos@yahoo.com,-5,Mrs.,Jutta,,2005-12-13T23:00:00,FEMALE,juttahering@toixa.net,Mrs.,Kornelia,,2008-12-07T23:00:00,FEMALE,kheller@seimckykvkl.net,Mr.,Egon,Dieter,2009-05-20T00:00:00,MALE,egon.knorr@yahoo.com,Mr.,Berthold,,1998-05-02T00:00:00,MALE,berthold.scheck@xas.com,Mr.,Werner,Franz,2007-11-29T23:00:00,MALE,wernerbock@ltbyduqkefp.net,Schützenstraße 37,17506,Gribow,Mecklenburg-Vorpommern,DE,2012-08-31T00:00:00,0,week,238
71,71,family,2,Mr.,Josef,,Hildebrand,1976-08-24T00:00:00,josef_hildebrand@aol.com,Mrs.,Anke,,Strobel,1945-08-03T02:00:00,anke.strobel@yahoo.com,3,Mrs.,Amalie,,2002-02-18T23:00:00,FEMALE,amalie.kraemer@bbqkxbirroor.fr,Mr.,Bernd,,2005-03-03T23:00:00,MALE,bernd_habermann@sgrw.us,Mr.,Hans,Wilhelm,2012-03-18T23:00:00,MALE,hans.wolf@hans-herrmann.de,Mr.,Frank,Thomas,2003-08-04T00:00:00,MALE,fehrmann@oltzb.de,Mr.,Marko,,2000-10-30T23:00:00,MALE,mherold@pulses.us,Bahnhofstraße 16,67746,Unterjeckenbach,Rheinland-Pfalz,DE,2010-08-24T00:00:00,4,year,266
72,72,singleMan,1,Mr.,Robert,,König,1993-01-29T00:00:00,robert_koenig@hzi.org,Mrs.,Regina,,Peters,1927-03-17T00:00:00,regina_peters@iirpqfqa.de,5,Mr.,Andre,,2000-12-14T23:00:00,MALE,abehling@gerd-loos.net,Mr.,Kurt,,2011-08-21T00:00:00,MALE,kschoen@verlnsqodnwa.de,Mr.,Wolfgang,,2005-07-02T00:00:00,MALE,wolfgangdressler@zvyryfh.com,Mrs.,Ingeburg,Brigitte,2010-09-12T00:00:00,FEMALE,iretzlaff@cquw.de,Mrs.,Hildegard,,2004-12-18T23:00:00,FEMALE,hildegardstiller@hermann-ahrens.com,Friedhofstraße 1,39249,Pömmelte,Sachsen-Anhalt,DE,2011-01-03T00:00:00,2,week,38
73,73,singleMan,5,Mr.,Jochen,Manfred,Wohlfahrt,1991-11-05T00:00:00,jochen_wohlfahrt@yahoo.com,Mrs.,Christine,,Stingl,1969-08-12T00:00:00,christine_stingl@yahoo.com,-1,Mrs.,Frieda,,2010-05-18T00:00:00,FEMALE,frieda.schade@eesric.de,Mr.,Alfonso,Rudolf,2002-07-11T00:00:00,MALE,alfonso.deutschmann@yahoo.com,Mr.,Norbert,,2006-04-20T00:00:00,MALE,nbecker@vhedourzayqx.us,Mrs.,Dora,,2008-12-04T23:00:00,FEMALE,dlux@techsphere.us,Mrs.,Kerstin,Luise,2010-08-08T00:00:00,FEMALE,kschaefer@gmail.com,Marktplatz 1,4895,Fermerswalde,Brandenburg,DE,2009-11-23T00:00:00,0,week,172
74,74,singleMan,2,Mr.,Udo,,Schmalz,1920-04-14T00:00:00,udoschmalz@wpidamyhha.ch,Mrs.,Marianne,,Nagel,1963-12-16T00:00:00,marianne.nagel@vjuhnk.fr,-3,Mr.,Hans-Dieter,,2010-04-24T00:00:00,MALE,hvogel@jnmtxk.org,Mrs.,Sibylle,,2003-12-30T23:00:00,FEMALE,sibylleglaeser@dwwnb.com,Mr.,Werner,,2007-09-09T00:00:00,MALE,werner.ulbrich@envalon.de,Mrs.,Irene,,2002-04-15T00:00:00,FEMALE,irene.dudek@willi-wagner.net,Mr.,Alfred,,2011-10-12T00:00:00,MALE,adamm@ajhq.com,Waldstraße 24,14715,Glien,Brandenburg,DE,2011-07-20T00:00:00,3,week,182
75,75,singleWoman,4,Mr.,Rudolf,,Cramer,1922-11-29T00:00:00,rcramer@drwg.com,Mrs.,Anna,Ulrike,Gericke,1985-03-19T00:00:00,agericke@cjigwip.com,2,Mrs.,Martha,,2003-07-10T00:00:00,FEMALE,martha_horst@aamu.de,Mrs.,Doris,,2002-07-15T00:00:00,FEMALE,dkirchner@qdadbjtoctvr.com,Mr.,Hans-Jürgen,,2006-02-17T23:00:00,MALE,hgerke@hotmail.com,Mrs.,Angelika,,2002-01-22T23:00:00,FEMALE,angelika.schmidt@erl.net,Mr.,Gottfried,,2005-02-15T23:00:00,MALE,gottfried.schneider@karl-flaig.com,Ringstraße 8,54597,Kinzenburg,Rheinland-Pfalz,DE,2012-12-15T00:00:00,4,month,133
76,76,family,3,Mr.,Uwe,,Evers,1967-05-22T00:00:00,uevers@hotmail.com,Mrs.,Lisa,,Schöttler,1949-07-20T01:00:00,lschoettler@kuy.com,2,Mrs.,Ria,,2003-02-07T23:00:00,FEMALE,riastork@freeshop.com,Mrs.,Erna,,2002-04-27T00:00:00,FEMALE,ernaschroeter@ele.com,Mrs.,Dagmar,,1998-05-09T00:00:00,FEMALE,dagmarzacharias@yahoo.com,Mrs.,Helga,,1998-09-20T00:00:00,FEMALE,helgahinzmann@hotmail.com,Mr.,Helmut,,2007-08-19T00:00:00,MALE,hgottschalk@smartsphere.de,Schulweg 2,39264,Nutha,Sachsen-Anhalt,DE,2012-12-17T00:00:00,2,month,19
77,77,family,3,Mr.,Hans-Jürgen,,Kiefer,1953-07-26T00:00:00,hans-juergen.kiefer@envagon.ch,Mrs.,Rebecca,,Esser,1923-06-27T00:00:00,rebecca_esser@tctczeuhgb.at,-1,Mrs.,Annemarie,,2007-08-29T00:00:00,FEMALE,annemariephilipp@compunet.com,Mrs.,Barbara,Maria,2002-06-13T00:00:00,FEMALE,barbara.kranz@onr.com,Mrs.,Anita,,2003-07-16T00:00:00,FEMALE,anita_brand@quwmrnwmvdt.at,Mr.,Johann,,1999-10-21T00:00:00,MALE,jschmid@fyvcztl.com,Mrs.,Barbara,,1999-03-04T23:00:00,FEMALE,barbarahau@hermann-schneider.de,Grüner Weg 23,31091,Coppengrave,Niedersachsen,DE,2009-06-18T00:00:00,4,month,168
78,78,family,3,Mr.,Dirk,,Blessing,1974-09-04T00:00:00,dirk.blessing@oliver-sieg.net,Mrs.,Sybille,Bettina,Schüler,1960-06-30T00:00:00,sybille_schueler@hotmail.com,5,Mrs.,Sabine,Vera,2006-05-15T00:00:00,FEMALE,sschell@jfybfgs.com,Mr.,Moritz,,2008-02-22T23:00:00,MALE,moritz_mueller@mrx.com,Mr.,Norbert,,2008-01-05T23:00:00,MALE,norbert.franke@uiawd.de,Mrs.,Maria,,2004-06-22T00:00:00,FEMALE,marendt@ptxngwoqxgp.net,Mrs.,Christa,,2011-09-26T00:00:00,FEMALE,christa.dunkel@ozfdck.fr,Gartenstraße 5,83546,Schachen,Bayern,DE,2010-11-26T00:00:00,5,month,71
79,79,singleWoman,3,Mr.,Günter,,Weiss,1982-01-21T00:00:00,guenterweiss@illumon.us,Mrs.,Karin,Clara,Hoffmann,1908-04-15T00:00:00,khoffmann@pfxbwctkqhz.com,2,Mr.,Uwe,,1998-04-09T00:00:00,MALE,uwewolff@wkxdbccu.de,Mr.,Wolfgang,,2010-09-04T00:00:00,MALE,wgrund@henning-hecker.com,Mr.,Gerd,,2004-08-14T00:00:00,MALE,glehmann@yahoo.com,Mrs.,Susanne,,1999-07-14T00:00:00,FEMALE,susanne.schumacher@erutmoem.com,Mr.,Karl-Heinz,,2011-12-22T23:00:00,MALE,karl-heinzhentschel@ilctpaufdj.net,Gartenstraße 18,99947,Bothenheilingen,Thüringen,DE,2009-08-09T00:00:00,2,year,170
80,80,family,3,Mr.,Helmut,,Sommer,1948-03-31T00:00:00,hsommer@yahoo.com,Mrs.,Irmgard,,Kramer,1966-04-16T00:00:00,ikramer@hotmail.com,-1,Mrs.,Karin,,1998-10-21T00:00:00,FEMALE,karin.hartmann@hotmail.com,Mr.,Michael,,2006-07-03T00:00:00,MALE,michaelhaake@yahoo.com,Mrs.,Jasmin,,2010-09-09T00:00:00,FEMALE,jasmin_melcher@azobg.com,Mr.,Mathias,,1997-12-11T23:00:00,MALE,mathias_becker@rmzzsgala.com,Mr.,Rudi,,1996-10-21T00:00:00,MALE,rbecker@hotmail.com,Raiffeisenstraße 38,54584,Jünkerath,Rheinland-Pfalz,DE,2012-03-04T00:00:00,1,year,114
81,81,singleMan,3,Mr.,Ingo,,Wirtz,1981-07-30T01:00:00,ingo.wirtz@aol.com,Mrs.,Gisela,Katja,Marquardt,1971-07-02T00:00:00,gmarquardt@friedrich-thomas.org,1,Mrs.,Karin,,2009-11-08T23:00:00,FEMALE,karinherrmann@yahoo.com,Mrs.,Georgia,Antonia,2001-11-13T23:00:00,FEMALE,gdressler@yahoo.com,Mrs.,Nelli,Else,2006-01-04T23:00:00,FEMALE,nellihenning@hotmail.com,Mrs.,Irmgard,,2009-02-14T23:00:00,FEMALE,irmgardhoermann@waldemar-schroer.net,Mr.,Andre,,1997-09-26T00:00:00,MALE,andrereuter@yourcity.de,Jahnstraße 20,4509,Selben,Sachsen,DE,2012-03-26T00:00:00,3,year,128
82,82,family,5,Mr.,Peter,Reinhard,Weiß,1973-09-20T00:00:00,pweiss@xcplfisuzm.de,Mrs.,Angelika,,Fleckenstein,1922-02-19T00:00:00,angelika_fleckenstein@aol.com,0,Mr.,Lothar,,2011-08-15T00:00:00,MALE,lmayer@yahoo.com,Mr.,Franz,,1998-05-30T00:00:00,MALE,franz.roth@ifvpfbus.de,Mr.,Hermann,,2001-08-16T00:00:00,MALE,hermann.baeuerle@uutvzpzdyerw.com,Mrs.,Barbara,,2011-09-11T00:00:00,FEMALE,barbara_heitz@bwv.com,Mr.,Andreas,,2002-08-07T00:00:00,MALE,andreasklumpp@martin-wolf.us,Gartenstraße 2,94501,Beutelsbach,Bayern,DE,2009-02-22T00:00:00,2,month,95
83,83,family,0,Mr.,Jens,,Yildiz,1960-02-19T00:00:00,jens_yildiz@rxvhg.net,Mrs.,Karla,,Gräber,1983-12-11T00:00:00,karla.graeber@yahoo.com,0,Mr.,Alfred,,2000-04-24T00:00:00,MALE,alfred_stoecker@whyl.com,Mrs.,Bernadette,,2010-12-08T23:00:00,FEMALE,bernadette.rotter@conergy.net,Mr.,Arnold,,2002-09-03T00:00:00,MALE,arnold_berger@gmail.com,Mrs.,Anita,,2002-01-19T23:00:00,FEMALE,anita.dammann@johannes-stadler.net,Mrs.,Tatjana,,2007-05-04T00:00:00,FEMALE,tatjanaehrlich@hotmail.com,Bergstraße 31,6779,Salzfurtkapelle,Sachsen-Anhalt,DE,2011-06-08T00:00:00,2,month,221
84,84,singleMan,4,Mr.,Hubert,,Dippel,1992-06-18T01:00:00,hdippel@hotmail.com,Mrs.,Jutta,,Helfrich,1939-05-12T00:00:00,juttahelfrich@ruediger-effenberger.com,-1,Mrs.,Anja,,1996-07-17T00:00:00,FEMALE,anja_graf@ejjte.de,Mr.,Maximilian,,2000-02-07T23:00:00,MALE,maximiliankunze@oahhojj.org,Mr.,Jürgen,,2007-01-30T23:00:00,MALE,jkrueger@yahoo.com,Mr.,Reiner,,1999-09-10T00:00:00,MALE,reiner_seidel@rolsieys.net,Mr.,Axel,,1998-10-14T00:00:00,MALE,axel_mueller@christian-knabe.com,Kastanienweg 20,17509,Kemnitz,Mecklenburg-Vorpommern,DE,2010-03-15T00:00:00,3,month,81
85,85,family,3,Mr.,Christian,,Topp,1928-04-11T00:00:00,ctopp@aol.com,Mrs.,Brigitte,Kerstin,Schramm,1966-01-27T00:00:00,brigitte.schramm@racndoymea.com,-2,Mrs.,Lieselotte,,2011-10-03T00:00:00,FEMALE,lieselotte_neumeier@arno-jauch.us,Mrs.,Elisabeth,Klara,2003-11-08T23:00:00,FEMALE,elisabeth_schreiber@yahoo.com,Mrs.,Brigitte,,2005-12-04T23:00:00,FEMALE,bmeister@pai.net,Mr.,Dennis,,2004-11-15T23:00:00,MALE,dschneider@yahoo.com,Mr.,Rainer,,1998-11-22T23:00:00,MALE,rainer.krenz@yahoo.com,Gartenstraße 10,21647,Moisburg,Niedersachsen,DE,2011-11-29T00:00:00,3,month,158
86,86,singleWoman,4,Mr.,Helmut,,Rathmann,1937-10-19T00:00:00,hrathmann@vgt.at,Mrs.,Anne,Katrin,Holz,1914-05-05T00:00:00,aholz@yahoo.com,-4,Mr.,Harald,Manfred,2001-06-23T00:00:00,MALE,harald.streit@uchf.com,Mr.,Frank,,1999-08-03T00:00:00,MALE,frankhanke@aurartis.com,Mr.,Jörg,,1997-03-02T23:00:00,MALE,joergdittmann@rnr.net,Mrs.,Anna,Gisela,2004-07-10T00:00:00,FEMALE,anna.hiller@yahoo.com,Mr.,Heinrich,,1996-08-22T00:00:00,MALE,heinrich_petri@jan-kuntze.fr,Goethestraße 30,23974,Boiensdorf,Mecklenburg-Vorpommern,DE,2009-02-12T00:00:00,1,week,154
87,87,singleWoman,2,Mr.,Thomas,,Reiß,1915-01-07T00:00:00,treiss@yahoo.com,Mrs.,Barbara,,Altmann,1966-12-25T00:00:00,barbara_altmann@msn.com,3,Mr.,Christian,Helmut,2011-05-15T00:00:00,MALE,christian.stern@pulsional.net,Mrs.,Frieda,,2002-01-23T23:00:00,FEMALE,friedazorn@xdwn.at,Mr.,Jürgen,,1999-02-20T23:00:00,MALE,juergenkrupp@gdnqninmgitt.net,Mr.,Hermann,,2008-04-24T00:00:00,MALE,hkiessling@hotmail.com,Mr.,Rudolf,,2006-11-16T23:00:00,MALE,rudolf.bielefeld@gmail.com,Kastanienweg 43,88145,Opfenbach,Bayern,DE,2010-09-07T00:00:00,0,week,43
88,88,singleWoman,4,Mr.,Wolfgang,,Koller,1909-11-27T00:00:00,wkoller@skusnoh.net,Mrs.,Maria,,Mühlbauer,1941-12-16T01:00:00,maria_muehlbauer@arqualon.com,1,Mrs.,Nadine,Johanna,2009-01-17T23:00:00,FEMALE,nadinebrockmann@synaxandor.com,Mrs.,Carola,,2012-01-13T23:00:00,FEMALE,carola_heiss@owtdqcri.com,Mr.,Herbert,,2003-11-11T23:00:00,MALE,herbertwendland@dbhqwkseft.net,Mr.,Erhard,Hans,2011-09-24T00:00:00,MALE,erhard.knoll@orhan-ulbricht.fr,Mr.,Erich,,2004-01-09T23:00:00,MALE,erichritter@hotmail.com,Am Bahnhof 10,6618,Janisroda,Sachsen-Anhalt,DE,2009-06-16T00:00:00,1,month,80
89,89,family,2,Mr.,Günter,Ludwig,Schütz,1910-12-28T00:00:00,gschuetz@hermann-abel.net,Mrs.,Traudl,,Weil,1909-11-05T00:00:00,traudl_weil@hotmail.com,-5,Mr.,Dieter,,1997-11-24T23:00:00,MALE,dieter_hein@albar.org,Mr.,Gerd,,1999-06-13T00:00:00,MALE,ggruenberg@yahoo.com,Mrs.,Christa,,2006-03-07T23:00:00,FEMALE,christa.schuermann@peter-schubert.com,Mrs.,Irmgard,,2004-10-26T00:00:00,FEMALE,irosenberger@envum.com,Mr.,Werner,,2011-09-04T00:00:00,MALE,werner.keller@grl.us,Schulstraße 41,71739,Oberriexingen,Baden-Württemberg,DE,2009-05-25T00:00:00,2,week,168
90,90,singleWoman,4,Mr.,Tim,,Beckers,1967-10-22T00:00:00,tbeckers@yahoo.com,Mrs.,Gabriele,,Sorge,1948-07-04T01:00:00,gabrielesorge@pentis.be,-2,Mr.,Werner,,2005-01-25T23:00:00,MALE,wernerbohne@picyykwbr.de,Mr.,Karl-Heinz,,1997-12-26T23:00:00,MALE,karl-heinz_doerner@yahoo.com,Mr.,Veit,,1998-10-13T00:00:00,MALE,veitbretschneider@gmail.com,Mr.,Ewald,,2010-06-07T00:00:00,MALE,ewald_knueppel@oiksadvyecib.com,Mr.,Dieter,,1998-11-12T23:00:00,MALE,dieterschuemann@gerhard-sommer.at,Birkenstraße 35,24326,Kalübbe,Schleswig-Holstein,DE,2009-05-17T00:00:00,3,week,55
91,91,family,5,Mr.,Heinz,,Wolfram,1935-05-13T00:00:00,heinz_wolfram@pgo.us,Mrs.,Christa,,Kastner,1924-11-14T00:00:00,ckastner@medes.de,4,Mr.,Gerhard,Hans-Joachim,2005-10-27T00:00:00,MALE,gerhardhahn@fnqihuf.org,Mr.,Walter,,2010-07-08T00:00:00,MALE,walter_weyers@hotmail.com,Mrs.,Karin,,2001-05-17T00:00:00,FEMALE,kdickmann@aol.com,Mrs.,Margret,,1999-08-07T00:00:00,FEMALE,margretdoering@ffg.fr,Mr.,Karl-Heinz,,2009-06-06T00:00:00,MALE,karl-heinz_schlesinger@fmq.com,Mühlweg 50,27251,Neuenkirchen,Niedersachsen,DE,2011-01-23T00:00:00,1,week,132
92,92,singleMan,5,Mr.,Gerhard,,Neumann,1907-08-19T00:00:00,gerhardneumann@qvdama.us,Mrs.,Daniela,,Schultz,1924-10-06T00:00:00,danielaschultz@penton.de,1,Mr.,Hasan,,2005-04-25T00:00:00,MALE,hasan.zimmermann@hotmail.com,Mr.,Ulrich,Rüdiger,1997-08-25T00:00:00,MALE,ulrich.draeger@tencum.net,Mrs.,Sieglinde,,2006-04-01T00:00:00,FEMALE,sieglindesommer@heinz-stegmann.org,Mrs.,Roswitha,,2009-08-22T00:00:00,FEMALE,roswithanowak@jloquauj.com,Mrs.,Renate,,2000-10-21T00:00:00,FEMALE,renatekeller@hotmail.com,Birkenweg 2,84576,Teising,Bayern,DE,2011-01-29T00:00:00,3,year,279
93,93,family,2,Mr.,Marco,,Herdt,1958-11-14T00:00:00,marco_herdt@yahoo.com,Mrs.,Martina,,Fiedler,1937-01-21T00:00:00,martinafiedler@ymplbskpal.us,-2,Mr.,Thorsten,,2001-08-10T00:00:00,MALE,thorsten_schmidt@illumon.us,Mr.,Andreas,Günter,2008-03-05T23:00:00,MALE,andreas_kern@yahoo.com,Mrs.,Elke,Jennifer,2008-05-29T00:00:00,FEMALE,elkelehmann@jaroslaw-poeschl.net,Mr.,Roland,,2010-10-09T00:00:00,MALE,rlorenzen@yahoo.com,Mr.,Karl,,2004-10-26T00:00:00,MALE,karl.ott@pulsium.edu,Mühlenstraße 7,17111,Beestland,Mecklenburg-Vorpommern,DE,2011-11-21T00:00:00,3,week,223
94,94,singleMan,0,Mr.,Stefan,,Bittner,1913-12-24T00:00:00,stefan.bittner@yahoo.com,Mrs.,Klaudia,,Heim,1929-11-28T00:00:00,kheim@hotmail.com,5,Mrs.,Maria,,2011-07-16T00:00:00,FEMALE,maria_gottwald@aol.com,Mrs.,Emilie,,1996-05-07T00:00:00,FEMALE,eseverin@ralph-geib.com,Mrs.,Kathrin,,1996-08-06T00:00:00,FEMALE,kathrinsteininger@herbert-stenzel.com,Mrs.,Gisela,,2005-11-04T23:00:00,FEMALE,gisela_storch@karl-heinz-paul.edu,Mr.,Rudi,,1997-04-20T00:00:00,MALE,rudi_stephan@novium.fr,Schillerstraße 12,21521,Aumühle,Schleswig-Holstein,DE,2010-12-30T00:00:00,4,month,89
95,95,singleMan,0,Mr.,Hans,Manfred,Sydow,1918-02-04T00:00:00,hsydow@fnh.fr,Mrs.,Annette,,Wolff,1920-07-19T00:00:00,annette_wolff@gmail.com,2,Mr.,Gerhard,,2003-08-02T00:00:00,MALE,gabele@fsttvrz.com,Mr.,Hans-Jürgen,,2011-11-05T23:00:00,MALE,hans-juergen_koch@aol.com,Mr.,Ernst,Hans-Heinrich,2000-09-24T00:00:00,MALE,ekracht@franz-weiland.com,Mrs.,Angela,,2005-01-04T23:00:00,FEMALE,angela.petersen@yahoo.com,Mr.,Wilhelm,Torsten,2000-06-24T00:00:00,MALE,wbracht@xiy.org,Lindenstraße 16,91247,Vorra,Bayern,DE,2012-02-21T00:00:00,0,year,4
96,96,singleMan,1,Mr.,Helmut,,Haas,1935-02-13T00:00:00,helmut.haas@mzukowebok.it,Mrs.,Barbara,Christa,Beutel,1956-11-02T00:00:00,bbeutel@kzkovsebdpt.de,5,Mrs.,Karin,Inge,2003-05-03T00:00:00,FEMALE,khelm@hotmail.com,Mr.,Herbert,,1997-05-04T00:00:00,MALE,herbert.weiss@flv.com,Mrs.,Ute,,2009-01-02T23:00:00,FEMALE,uhummel@qpwqbdhp.com,Mr.,Paul,,2004-09-07T00:00:00,MALE,paulgerth@alois-wittmann.ch,Mr.,Erwin,Philipp,2005-06-19T00:00:00,MALE,erwinhoppe@twonbk.de,Bachstraße 12,67680,Eichenbachermühle,Rheinland-Pfalz,DE,2009-02-26T00:00:00,5,month,231
97,97,singleMan,2,Mr.,Friedhelm,,Bauer,1949-03-09T00:00:00,friedhelm_bauer@yahoo.com,Mrs.,Olga,,Glöckner,1938-07-11T00:00:00,olgagloeckner@yahoo.com,4,Mr.,Hartmut,,2009-08-24T00:00:00,MALE,hartmut.pilz@hotmail.com,Mrs.,Ingrid,,2009-04-13T00:00:00,FEMALE,ingrid_trapp@cybercard.com,Mrs.,Alexandra,,2003-10-12T00:00:00,FEMALE,alexandraschramm@bookflash.us,Mrs.,Hilde,,2003-04-06T00:00:00,FEMALE,hilde_heintz@cyeil.net,Mrs.,Dagmar,Martina,2007-08-01T00:00:00,FEMALE,dagmarheinemann@zcznojoym.us,Kiefernweg 30,36284,Hohenroda,Hessen,DE,2011-05-19T00:00:00,4,year,209
98,98,family,4,Mr.,Michael,,Lange,1943-08-21T01:00:00,michael_lange@rxnqdjdofm.com,Mrs.,Gerlinde,,Wessel,1920-03-03T00:00:00,gerlindewessel@hotmail.com,2,Mrs.,Nora,Monika,2004-02-17T23:00:00,FEMALE,nwolf@gkaee.com,Mrs.,Helga,,2006-10-13T00:00:00,FEMALE,hauer@irm.com,Mr.,Rüdiger,,2009-09-29T00:00:00,MALE,rblumenthal@nvfimouude.at,Mrs.,Maria,,2002-06-11T00:00:00,FEMALE,maria_vollmer@willi-schneider.org,Mr.,Martin,,2010-05-07T00:00:00,MALE,martin.brandt@peypb.net,Danziger Straße 19,83483,Bischofswiesen,Bayern,DE,2010-05-26T00:00:00,0,year,96
99,99,singleMan,0,Mr.,Wilhelm,,Sander,1980-05-02T01:00:00,wilhelmsander@gmail.com,Mrs.,Christine,,Dick,1936-08-02T00:00:00,cdick@zyyqsban.com,3,Mrs.,Elisabeth,,2011-04-12T00:00:00,FEMALE,elisabethjacob@zqkggukgu.ch,Mrs.,Helene,,1996-06-24T00:00:00,FEMALE,heleneklein@stzyemdewlq.com,Mr.,Martin,,2001-09-29T00:00:00,MALE,martin.brueckmann@clqqxzgrese.de,Mrs.,Barbara,,2009-05-26T00:00:00,FEMALE,bniehues@xul.com,Mr.,Johann,Manfred,1999-06-09T00:00:00,MALE,jtolksdorf@vxpib.com,Gartenstraße 1,6928,Steinsdorf,Sachsen-Anhalt,DE,2010-11-12T00:00:00,4,week,172
100,100,singleWoman,1,Mr.,Martin,,Gebauer,1991-05-21T01:00:00,martin_gebauer@ziaknirenzac.com,Mrs.,Christine,,Feldmann,1918-09-05T01:00:00,christine_feldmann@gmail.com,-2,Mrs.,Sabine,,2006-02-05T23:00:00,FEMALE,sabine.stark@waldemar-seibert.us,Mrs.,Annemarie,,1999-11-17T23:00:00,FEMALE,annemariekaiser@gmail.com,Mrs.,Anita,,2010-09-23T00:00:00,FEMALE,anita.geiger@yahoo.com,Mrs.,Bärbel,,2005-07-17T00:00:00,FEMALE,baerbel_edelmann@yahoo.com,Mrs.,Maria,,2009-03-02T23:00:00,FEMALE,mariagoebel@oswxnh.de,Am Sportplatz 47,7589,Münchenbernsdorf,Thüringen,DE,2011-02-18T00:00:00,5,year,108